geometry;name;indexOfID;id
MULTIPOINT(14746489.8980003 -1494446.01372662);East Brunswick Civic Center;0;502
MULTIPOINT(14746474.3048485 -1494444.64232291);East Brunswick Civic Center;1;505
MULTIPOINT(14746310.2913935 -1492745.00480188);Winton Road at Rues Lane;2;520
MULTIPOINT(14746324.5116881 -1492744.03673699);Winton Road at Rues Lane;3;521
MULTIPOINT(14746430.6524897 -1490966.03886621);Brunswick Square Mall;4;627
MULTIPOINT(14742326.4834196 -1485775.223782);NJ 516 at Bushnell Road;5;763
MULTIPOINT(14742350.6260485 -1485774.06013314);NJ 516 at Bushnell Road;6;764
MULTIPOINT(14742276.6496084 -1484473.34293287);Civic Center;7;823
MULTIPOINT(14742985.1453042 -1484962.66982183);US 9 at Fairway Lane;8;851
MULTIPOINT(14737436.0315121 -1475198.20939296);Academy PNC Arts Center;9;981
MULTIPOINT(14742563.9899985 -1476954.37401833);;10;1227
MULTIPOINT(14738589.0976268 -1466604.09579744);Garfield Avenue at Leonardville Road;11;1951
MULTIPOINT(14739139.0318655 -1466288.75199773);NJ 36 at Main Street;12;2176
MULTIPOINT(14739168.003518 -1466268.35164426);NJ 36 at Main Street;13;2177
MULTIPOINT(14753100.8373711 -1498158.7852616);North Oaks Boulevard at Livingston Avenue;14;2490
MULTIPOINT(14753084.1264 -1498147.77142004);North Oaks Boulevard at Livingston Avenue;15;2491
MULTIPOINT(14752833.1549495 -1497225.61716329);Walmart / Burlington Coat Factory;16;2506
MULTIPOINT(14752963.9457798 -1495850.7909863);Brunswick Shopping Center;17;2560
MULTIPOINT(14754042.6122721 -1495895.1600309);Martin Gerber Apartments;18;2623
MULTIPOINT(14754080.3734407 -1495909.42664575);Martin Gerber Apartments;19;2624
MULTIPOINT(14755742.5491309 -1494129.44496587);Liberty Street;20;2715
MULTIPOINT(14755918.67991 -1494126.86952974);Paterson Street;21;2750
MULTIPOINT(14755994.6793509 -1494106.22577252);Paterson Street;22;2773
MULTIPOINT(14758674.5325318 -1495369.73362334);;23;2795
MULTIPOINT(14757054.0019408 -1495192.30946433);Saint Peter's Hospital;24;2805
MULTIPOINT(14756126.2970333 -1494089.4974417);George Street at Albany Street;25;2865
MULTIPOINT(14756164.3750259 -1494116.15643008);George Street at Albany Street;26;2866
MULTIPOINT(14756160.2290232 -1494088.76937219);George Street at Albany Street;27;2869
MULTIPOINT(14756324.8358632 -1494118.81914247);Somerset Street at George Street;28;2876
MULTIPOINT(14756287.8043916 -1494080.32815356);New Brunswick - Somerset Street at George Street;29;2881
MULTIPOINT(14756531.2455462 -1494344.02561975);Scott Hall;30;2886
MULTIPOINT(14756503.6404156 -1494100.04225071);;31;2904
MULTIPOINT(14756492.1958844 -1494067.62736871);Zimmerli Art Museum;32;2906
MULTIPOINT(14757070.9770204 -1494558.67307609);Rutgers Student Center;33;2937
MULTIPOINT(14757085.088235 -1494273.66791229);Student Activities Center;34;2962
MULTIPOINT(14758647.7708198 -1494906.70542589);;35;2986
MULTIPOINT(14750598.280407 -1494786.76158229);Main Street at Lakewood Avenue;36;3016
MULTIPOINT(14750600.3431188 -1494771.16901132);Main Street at Lakewood Avenue;37;3017
MULTIPOINT(14752490.5664313 -1494619.28659975);DeVry College of Technology;38;3096
MULTIPOINT(14752776.7777152 -1494888.48281272);Technology Centre of New Jersey;39;3097
MULTIPOINT(14750616.1673507 -1491668.40946166);NJ 18 at Tices Lane;40;3130
MULTIPOINT(14750547.1350899 -1491622.86775256);NJ 18 at Tices Lane;41;3133
MULTIPOINT(14749008.136319 -1490770.83519284);Main Street between Wilcox and Devoe;42;3186
MULTIPOINT(14749019.4818374 -1490782.42753155);Main Street between Wilcox and Devoe;43;3187
MULTIPOINT(14749217.4567139 -1490578.63903689);Main Street at Jackson Street;44;3190
MULTIPOINT(14749205.987283 -1490566.38895238);Main Street at Jackson Street;45;3191
MULTIPOINT(14749165.4948473 -1490205.03353824);Jackson Street at Wilson/Raritan Avenues;46;3196
MULTIPOINT(14753936.6271669 -1493927.99705911);Food Science Building;47;3288
MULTIPOINT(14754214.8370217 -1493915.61843478);Lipman Hall;48;3314
MULTIPOINT(14753979.3374931 -1493619.39417181);Biel Road;49;3320
MULTIPOINT(14754427.2140417 -1493966.90274061);Red Oak Lane;50;3326
MULTIPOINT(14754028.8623129 -1493267.47664637);Henderson;51;3376
MULTIPOINT(14754317.9294183 -1493478.73881903);Katzenbach;52;3382
MULTIPOINT(14755004.3915186 -1494043.36753603);Public Safety Building South;53;3433
MULTIPOINT(14755045.4502593 -1494030.82495405);Public Safety Building North;54;3434
MULTIPOINT(14755038.7878601 -1493956.89467435);Public Safety Building South;55;3439
MULTIPOINT(14754756.7592627 -1493893.29237381);Cabaret Theater;56;3465
MULTIPOINT(14754740.8648005 -1493860.00728885);College Hall;57;3467
MULTIPOINT(14755571.1679509 -1494151.4568987);Rockoff Hall;58;3510
MULTIPOINT(14754560.3829067 -1493394.38572075);Gibbons;59;3552
MULTIPOINT(14753988.1498459 -1491953.44221054);Burnet Street at Tunison Road;60;3592
MULTIPOINT(14754002.8200844 -1491945.25143158);Burnet Street at Tunison Road;61;3593
MULTIPOINT(14756012.4369772 -1492637.39304636);Raritan Avenue at 3rd Avenue;62;3666
MULTIPOINT(14756033.0091631 -1492613.63603812);Raritan Avenue at 3rd Avenue;63;3668
MULTIPOINT(14757195.2422128 -1493047.38219966);;64;3694
MULTIPOINT(14757180.407392 -1493019.76120365);;65;3695
MULTIPOINT(14757127.538025 -1490093.94535646);Route 27 at Plainfield Avenue;66;3740
MULTIPOINT(14757163.7380767 -1490067.25419807);Route 27 at Plainfield Avenue;67;3741
MULTIPOINT(14753935.4440466 -1487794.91186799);Mill Road at Saw Mill Pond Road;68;3775
MULTIPOINT(14754830.9799121 -1488372.21702334);Heller Industrial Park;69;3820
MULTIPOINT(14755171.2171119 -1487280.79029604);Middlesex County College;70;3894
MULTIPOINT(14759990.7478966 -1495040.69464345);;71;3992
MULTIPOINT(14759994.9237774 -1495020.06597842);;72;3993
MULTIPOINT(14759030.5372728 -1494881.50392649);;73;4018
MULTIPOINT(14758993.2455102 -1494754.70720132);;74;4019
MULTIPOINT(14759434.3729854 -1494920.97997096);;75;4021
MULTIPOINT(14758973.3958642 -1494737.6681695);;76;4026
MULTIPOINT(14759258.6443789 -1494378.76668034);;77;4027
MULTIPOINT(14759249.8976539 -1494365.81944516);;78;4028
MULTIPOINT(14759673.7888154 -1495025.32812302);Allison Road Classrooms;79;4034
MULTIPOINT(14759671.1226712 -1494937.55458294);;80;4035
MULTIPOINT(14759474.8842963 -1494424.36127802);Busch Campus Center;81;4042
MULTIPOINT(14759747.815808 -1494405.77595854);;82;4044
MULTIPOINT(14759766.2239339 -1494397.11070341);;83;4049
MULTIPOINT(14766821.8955481 -1495737.42706448);;84;4201
MULTIPOINT(14767006.7320056 -1491394.83866895);NJT 819 - 4th St at Rock Ave;85;4340
MULTIPOINT(14767193.160046 -1491112.85281821);4th Street at Rushmore Avenue;86;4345
MULTIPOINT(14758492.8022853 -1492449.2559187);Quads;87;4356
MULTIPOINT(14758466.7223557 -1492434.55184984);;88;4357
MULTIPOINT(14759185.1151135 -1492710.53779966);Livingston Plaza;89;4378
MULTIPOINT(14759018.1814218 -1492578.72933797);Livingston Student Center;90;4397
MULTIPOINT(14761709.9730486 -1491237.35225489);Stelton Road at Hadley Center Drive;91;4510
MULTIPOINT(14758764.0720371 -1485620.38228889);Main St at Amboy Ave;92;4662
MULTIPOINT(14758756.1716005 -1485602.80072388);Main St at Amboy Ave;93;4665
MULTIPOINT(14759302.8280626 -1485872.63238705);Center Street at Middlesex Avenue;94;4710
MULTIPOINT(14759226.739673 -1485638.61248966);New Street at Main Street;95;4715
MULTIPOINT(14759404.1886835 -1485643.77460812);Main Street at Route 27;96;4722
MULTIPOINT(14759406.7338851 -1485627.08937455);Main Street at Route 27;97;4725
MULTIPOINT(14759472.705197 -1485640.35070768);METUCHEN Main St. at NJ 27;98;4728
MULTIPOINT(14759004.3751698 -1485575.35996575);Metuchen Rail Station - Main Street at Woodbridge Avenue;99;4736
MULTIPOINT(14759002.3882929 -1485559.58735979);Metuchen Rail Station - Main Street at Woodbridge Avenue;100;4737
MULTIPOINT(14759105.1760425 -1485568.38943853);Pennsylvania Avenue at Metuchen Rail Station;101;4740
MULTIPOINT(14760873.6755633 -1486022.64786201);Plainfield Road at Oak Hills Road;102;4755
MULTIPOINT(14760900.7036489 -1486034.59871855);Plainfield Road at Paddock Court;103;4756
MULTIPOINT(14765153.8264658 -1490375.47353464);Clinton Avenue at New Market Avenue;104;4791
MULTIPOINT(14765148.8947513 -1490354.16889877);Clinton Avenue at New Market Avenue;105;4792
MULTIPOINT(14765527.4226657 -1489100.11614958);Plainfield Avenue at Sampton Avenue;106;4861
MULTIPOINT(14765534.0170057 -1489119.98924114);Plainfield Avenue at Sampton Avenue;107;4862
MULTIPOINT(14762336.3118008 -1485902.38231699);Plainfield Road at Stephenville Parkway;108;4929
MULTIPOINT(14762335.4585079 -1485881.84144732);Plainfield Road at Stephenville Parkway;109;4930
MULTIPOINT(14762447.5846726 -1484276.37943679);Grove Avenue at Oak Tree Road;110;4943
MULTIPOINT(14762466.5501054 -1484263.09199885);Grove Avenue at Oak Tree Road;111;4945
MULTIPOINT(14763336.925208 -1485831.20791198);Plainfield Road at Oak Tree Road;112;4946
MULTIPOINT(14763332.2700407 -1485808.85204263);Plainfield Road at Oak Tree Road;113;4947
MULTIPOINT(14763896.6930224 -1484170.54160942);Grove Avenue at New Dover Road;114;5014
MULTIPOINT(14749430.6696047 -1483892.67321521);Washington Road at Ernston Road;115;5181
MULTIPOINT(14749452.4645637 -1483894.39587377);Washington Road at Ernston Road;116;5182
MULTIPOINT(14749096.7305726 -1481857.3581506);;117;5258
MULTIPOINT(14749110.9559708 -1481796.07336606);Academy Bus Cheesequake;118;5259
MULTIPOINT(14748649.14455 -1480593.43129335);Pine Avenue at Armstrong Street / Parker Street;119;5287
MULTIPOINT(14748665.7814732 -1480578.3543555);Pine Avenue at Armstrong Street / Parker Street;120;5288
MULTIPOINT(14754424.7365118 -1486069.26530288);Newfield Avenue at Fernwood Avenue;121;5324
MULTIPOINT(14755293.49849 -1485183.94043037);Fieldcrest Avenue at Northfield Avenue;122;5331
MULTIPOINT(14750778.8745342 -1480493.3266574);Broadway at Augusta Street;123;5438
MULTIPOINT(14750758.878458 -1480467.27014866);Broadway at Augusta Street;124;5439
MULTIPOINT(14753794.8856861 -1479415.92375203);Smith Street at Davidson Avenue;125;5505
MULTIPOINT(14753524.1646575 -1479038.5691046);Perth Amboy Rail Station;126;5506
MULTIPOINT(14753538.833112 -1479029.17438539);Perth Amboy Rail Station;127;5507
MULTIPOINT(14753238.8947327 -1478642.76023565);State Street at Smith Street;128;5514
MULTIPOINT(14753259.3835371 -1478615.61646405);State Street at Smith Street;129;5518
MULTIPOINT(14743740.2950063 -1475203.26610961);Broad Street at Front Street;130;5647
MULTIPOINT(14744437.3232388 -1477151.98949509);NJ 35 at Cliffwood Avenue;131;5576
MULTIPOINT(14744401.0645708 -1477094.0550224);NJ 35 at Cliffwood Avenue;132;5579
MULTIPOINT(14746945.7403836 -1478458.8404594);NJ 35 at Laurence Parkway;133;5592
MULTIPOINT(14746897.1014405 -1478402.53317844);NJ 35 at Laurence Parkway;134;5598
MULTIPOINT(14743741.1137139 -1475218.23915249);Broad Street at Front Street;135;5646
MULTIPOINT(14753096.1040508 -1478448.14100294);Smith Street at High Street;136;5785
MULTIPOINT(14753114.8297997 -1478436.00955235);High Street at Smith Street;137;5795
MULTIPOINT(14753520.3996434 -1477993.75679482);Rector Street at Washington Street;138;5812
MULTIPOINT(14753510.2263825 -1477978.4935394);Rector Street at Washington Street;139;5813
MULTIPOINT(14752184.2907857 -1476523.70072792);;140;5966
MULTIPOINT(14752205.5086536 -1476521.19225955);;141;5970
MULTIPOINT(14756223.8510408 -1484315.88230768);Raritan Center Parkway at McGaw Drive;142;6279
MULTIPOINT(14758448.960367 -1484943.18841681);Amboy Avenue at James Place;143;6312
MULTIPOINT(14758469.2214246 -1484948.63663872);Amboy Avenue at Carson Avenue;144;6313
MULTIPOINT(14758284.0763591 -1484568.28177655);Amboy Avenue at Pierson Avenue;145;6319
MULTIPOINT(14758300.0485706 -1484561.25267299);Amboy Avenue at Pierson Avenue;146;6321
MULTIPOINT(14756558.3483002 -1481948.58871777);New Brunswick Avenue at Corrielle Street;147;6360
MULTIPOINT(14756571.4090268 -1481942.08842576);New Brunswick Avenue at Corrielle Street;148;6361
MULTIPOINT(14758957.2209184 -1482916.9215791);Parsonage Road at Lafayette Avenue;149;6488
MULTIPOINT(14757625.2040555 -1481973.71347874);Ford Avenue at Main Street;150;6387
MULTIPOINT(14757680.2205108 -1481944.92957028);Ford Avenue at Main Street;151;6388
MULTIPOINT(14759162.9559264 -1483325.10216064);Menlo Park Mall;152;6423
MULTIPOINT(14760743.1191293 -1484207.11056443);JFK Medical Center;153;6448
MULTIPOINT(14760747.6763214 -1484158.61698273);JFK Medical Center;154;6449
MULTIPOINT(14758947.7453115 -1482945.34089559);Parsonage Road at Lafayette Avenue;155;6486
MULTIPOINT(14758945.2021165 -1481886.5328475);Ford Avenue at Webb Drive;156;6503
MULTIPOINT(14758946.0194855 -1481872.41469849);Ford Avenue at Webb Drive;157;6504
MULTIPOINT(14760059.8418 -1480755.49237842);Woodbridge Corporate Center;158;6531
MULTIPOINT(14758451.1483841 -1479967.23637578);Woodbridge Center Drive at Plaza Drive;159;6610
MULTIPOINT(14759276.1561299 -1480125.31545441);Woodbridge Center Drive at Woodbridge Terrace;160;6627
MULTIPOINT(14759381.6057762 -1480011.41829645);Woodbridge Center Mall;161;6645
MULTIPOINT(14758627.125798 -1478500.78320451);Amboy Avenue at Main Street;162;6674
MULTIPOINT(14758609.0171128 -1478436.33953953);Main Street at Amboy Avenue;163;6675
MULTIPOINT(14758637.6224071 -1478059.81111034);Main Street at Pearl Street;164;6684
MULTIPOINT(14758661.0233921 -1478028.98114101);Main Street at Pearl Street;165;6685
MULTIPOINT(14758773.6930819 -1478025.10851723);Woodbridge Rail Station;166;6688
MULTIPOINT(14761328.0536731 -1482142.21209835);Metropark Rail Station Bus Lane 5;167;6753
MULTIPOINT(14761339.5755751 -1482124.06944509);Metropark Rail Station Bus Lane 4;168;6754
MULTIPOINT(14761349.7947999 -1482106.67043006);Metropark Rail Station Bus Lane 3;169;6755
MULTIPOINT(14761360.2209705 -1482088.1991572);Metropark Rail Station Bus Lane 2;170;6757
MULTIPOINT(14761369.7759172 -1482066.19205118);Metropark Rail Station Bus Lane 1;171;6758
MULTIPOINT(14760328.4623136 -1480971.58352647);Harrows Gate (Gill Lane);172;6771
MULTIPOINT(14760338.9308166 -1480963.17177606);Harrows Gate (Gill Lane);173;6772
MULTIPOINT(14764985.9879252 -1481987.98869803);Inman Avenue at West Drive;174;6876
MULTIPOINT(14764920.0083653 -1481805.7408776);Inman Avenue at Wood Avenue;175;6882
MULTIPOINT(14764851.9585545 -1481393.63329713);Inman Avenue at Thelma Court (School #21);176;6901
MULTIPOINT(14760357.2072468 -1479864.50678739);Green Street at Tyler Avenue;177;6928
MULTIPOINT(14763981.3922643 -1477708.52989219);Inman Avenue at Saint George's Avenue;178;7038
MULTIPOINT(14763965.5878791 -1477661.36459133);Inman Avenue at Saint George's Avenue;179;7040
MULTIPOINT(14754322.4267421 -1477987.00712045);State Street at Hall Avenue;180;7087
MULTIPOINT(14754354.9886527 -1477990.48761029);State Street at Hall Avenue;181;7089
MULTIPOINT(14753996.0837198 -1471385.13129338);;182;7518
MULTIPOINT(14754024.514488 -1471376.71475319);;183;7523
MULTIPOINT(14754309.6435129 -1471428.05327907);;184;7542
MULTIPOINT(14754317.9888146 -1471411.14038432);;185;7544
MULTIPOINT(14761510.4847074 -1472707.50444868);Roosevelt Avenue at Harrison Avenue;186;8112
MULTIPOINT(14761475.2735456 -1472649.92222386);Roosevelt Avenue at Harrison Avenue;187;8113
MULTIPOINT(14767658.4432625 -1487610.08578725);Randolph Road at Arlington Avenue;188;8575
MULTIPOINT(14767674.1845292 -1487607.34500907);Randolph Road at Arlington Avenue;189;8576
MULTIPOINT(14769208.8208382 -1488109.77918478);Watchung Avenue at East 4th Street;190;8583
MULTIPOINT(14769220.3314947 -1488098.81522117);Watchung Avenue at East 4th Street;191;8584
MULTIPOINT(14769324.9611176 -1488066.81003057);3rd Street at Church Street;192;8586
MULTIPOINT(14769309.2072938 -1488050.98048802);3rd Street at Church Street;193;8587
MULTIPOINT(14772947.7543152 -1485418.79386185);NJ Transit 117;194;8868
MULTIPOINT(14778565.1216902 -1479719.46936302);;195;9837
MULTIPOINT(14764547.6827308 -1476202.85634604);Rahway Train Station - Irving Street at Broad Street;196;10538
MULTIPOINT(14764569.0502005 -1476013.42416716);Rahway Train Station - Main Street at Bridge Street;197;10546
MULTIPOINT(14772246.7799753 -1477969.20253106);Union County College;198;10900
MULTIPOINT(14774351.7259072 -1476140.68388951);;199;11194
MULTIPOINT(14774405.3150557 -1475842.10179281);North Monroe Street (Route 22);200;11195
MULTIPOINT(14766159.2722956 -1474045.79108949);Elizabeth Avenue at North Stiles Street;201;11260
MULTIPOINT(14767550.9484306 -1474305.46382719);Saint Georges Avenue at Wood Avenue;202;11305
MULTIPOINT(14767603.5055599 -1474279.74961619);Saint Georges Avenue at Wood Avenue;203;11306
MULTIPOINT(14768076.1414141 -1473667.61128664);Roselle Street at Saint Georges Avenue;204;11323
MULTIPOINT(14768088.3956533 -1473651.47608587);Roselle Street at Saint Georges Avenue;205;11324
MULTIPOINT(14770006.8499372 -1473534.8869317);Chestnut Street at 2nd Avenue;206;11695
MULTIPOINT(14770002.7223179 -1473510.92794477);Chestnut Street at 2nd Avenue;207;11698
MULTIPOINT(14771704.4112138 -1470276.90289667);Kean University - Morris Avenue at Kean Drive;208;11803
MULTIPOINT(14771799.923328 -1470295.2540959);Kean University - Morris Avenue at Kean Drive;209;11804
MULTIPOINT(14768947.2512232 -1469379.01182333);South Broad Street at Pearl Street;210;11836
MULTIPOINT(14769181.2508556 -1469376.93746004);Rahway Avenue at Broad Street;211;11853
MULTIPOINT(14769566.3536112 -1469185.27261917);Broad Street at Jersey Street;212;11860
MULTIPOINT(14769559.9167427 -1469161.21401917);Broad Street at Jersey Street;213;11861
MULTIPOINT(14770869.9736457 -1466473.39427315);;214;12067
MULTIPOINT(14770922.6799085 -1466478.48514835);;215;12068
MULTIPOINT(14770222.692398 -1466465.77112314);;216;12055
MULTIPOINT(14770267.97576 -1466447.53258175);;217;12056
MULTIPOINT(14771359.5282321 -1465791.99259838);Terminal A;218;12149
MULTIPOINT(14775733.3053787 -1474685.55929494);;219;12401
MULTIPOINT(14775928.9993393 -1474846.73192138);;220;12417
MULTIPOINT(14774196.1421033 -1472656.76473141);;221;12846
MULTIPOINT(14774109.9623254 -1472577.30598832);;222;12847
MULTIPOINT(14774525.0131168 -1472530.97611848);Stuyvesant Avenue at Haines Avenue;223;12848
MULTIPOINT(14775121.8083145 -1471918.61187019);Stuyvesant Avenue at Morrison Avenue;224;12878
MULTIPOINT(14775995.3971573 -1470833.07567496);Stuyvesant Avenue at 40th Street;225;12890
MULTIPOINT(14776013.053204 -1470810.75613777);Stuyvesant Avenue at 40th Street;226;12891
MULTIPOINT(14773687.029412 -1469641.63093702);Liberty Avenue at Long Avenue;227;12908
MULTIPOINT(14773691.2600636 -1469603.88436056);Liberty Avenue at Long Avenue;228;12909
MULTIPOINT(14776707.0734922 -1468604.37052384);New Street at Springfield Avenue;229;13005
MULTIPOINT(14776755.5152456 -1468620.25859881);New Street at Springfield Avenue;230;13015
MULTIPOINT(14772248.1110503 -1465382.59105372);Hotel Courtesy Vans;231;13082
MULTIPOINT(14776684.2798175 -1468336.51480652);Irvington Bus Terminal;232;13022
MULTIPOINT(14776673.0475874 -1468310.17488798);Irvington Bus Terminal;233;13023
MULTIPOINT(14778931.3330507 -1467693.79584809);South Clinton Street at South Orange Avenue;234;13238
MULTIPOINT(14778922.4885168 -1467677.40993981);South Clinton Street at South Orange Avenue;235;13239
MULTIPOINT(14780109.3701851 -1466763.50164568);South Clinton Street at Central Avenue;236;13337
MULTIPOINT(14780098.0669611 -1466749.89415089);South Clinton Street at Central Avenue;237;13338
MULTIPOINT(14780835.2919313 -1466184.71130176);Martin Luther King Junior Boulevard at Lincoln Street;238;13429
MULTIPOINT(14780940.1813016 -1466259.22489929);Martin Luther King Junior Boulevard at Prospect Street;239;13430
MULTIPOINT(14781650.20575 -1465311.08327054);Prospect Street at Springdale Avenue;240;13465
MULTIPOINT(14781683.5097367 -1465295.29702549);Prospect Street at Springdale Avenue;241;13466
MULTIPOINT(14779911.2165632 -1463078.95069989);;242;13498
MULTIPOINT(14779940.8192693 -1463057.62203941);;243;13499
MULTIPOINT(14744445.1314872 -1472075.35307283);Front Street at Pine Street;244;13552
MULTIPOINT(14744418.6002566 -1472040.44316514);Front Street at Pine Street;245;13553
MULTIPOINT(14743806.9827757 -1468984.51333675);Carr Avenue at Center Avenue;246;13651
MULTIPOINT(14759819.4384629 -1467602.91928503);Richmond Ave & Richmond Hill Rd;247;15236
MULTIPOINT(14759147.5286358 -1458676.51750961);;248;17728
MULTIPOINT(14754179.2269993 -1452651.59886669);Mermaid Avenue / West 21st Street;249;18343
MULTIPOINT(14754153.3879735 -1452458.16516989);Mermaid Avenue / West 19th Street;250;18355
MULTIPOINT(14754256.2546672 -1451314.11347638);;251;18615
MULTIPOINT(14754290.1262248 -1451312.49185958);;252;18616
MULTIPOINT(14754138.1093991 -1451144.79192507);;253;18617
MULTIPOINT(14754234.9478113 -1451162.09050874);;254;18619
MULTIPOINT(14754166.6862495 -1451106.09928257);;255;18622
MULTIPOINT(14754144.4079614 -1450810.50713611);;256;18842
MULTIPOINT(14754177.2703045 -1450772.17952852);;257;18876
MULTIPOINT(14754182.8162955 -1450725.00301979);;258;18877
MULTIPOINT(14754135.4214987 -1450720.25707563);;259;18878
MULTIPOINT(14754146.8937936 -1450666.10474598);;260;18884
MULTIPOINT(14754261.1768391 -1450660.2361137);;261;18931
MULTIPOINT(14754306.6987929 -1450665.93020555);;262;18934
MULTIPOINT(14757210.7812133 -1452273.14902601);86th Street;263;19624
MULTIPOINT(14755819.3839261 -1451300.91024906);86 Street & West 8 street;264;20242
MULTIPOINT(14755770.1574209 -1451241.44247838);;265;20246
MULTIPOINT(14755613.8027939 -1449693.57823878);B68 Neck Road Stop;266;21028
MULTIPOINT(14771492.7557313 -1465309.25403266);;267;27705
MULTIPOINT(14771536.3619246 -1465267.50272351);;268;27720
MULTIPOINT(14771580.9781514 -1465233.04466337);;269;27721
MULTIPOINT(14765758.8402281 -1463239.59987736);JFK Boulevard at 2nd Street;270;25860
MULTIPOINT(14765834.9688611 -1463118.56719995);JFK Boulevard at 3rd Street;271;25864
MULTIPOINT(14765299.4590638 -1462598.94638844);1st Street at Avenue C;272;27116
MULTIPOINT(14767816.2656443 -1460922.56069968);JFK Boulevard at 27th Street;273;27835
MULTIPOINT(14767821.2142815 -1460879.05727465);JFK Boulevard at 27th Street;274;27836
MULTIPOINT(14767999.995367 -1460315.71290949);Avenue C at 33rd Street;275;27916
MULTIPOINT(14768033.8309905 -1460308.33733643);Avenue C at 33rd Street;276;27917
MULTIPOINT(14769959.0588907 -1458773.26696277);JFK Boulevard at 63rd Street;277;27975
MULTIPOINT(14769202.1353104 -1458964.14829145);Avenue C at 54th Street;278;27979
MULTIPOINT(14769235.0665281 -1458955.48266015);Avenue C at 54th Street;279;27980
MULTIPOINT(14769929.6989262 -1458761.71066147);JFK Boulevard at 63rd Street;280;27985
MULTIPOINT(14761286.9553125 -1454301.51986401);3rd Ave / Bay Ridge Pkwy;281;31168
MULTIPOINT(14765487.4615308 -1451611.12673299);;282;33478
MULTIPOINT(14771877.68492 -1465128.27970478);;283;34012
MULTIPOINT(14771938.9319883 -1465133.87148911);;284;34013
MULTIPOINT(14771993.4296271 -1465175.10241605);;285;34014
MULTIPOINT(14771967.9498484 -1465148.95090609);;286;34015
MULTIPOINT(14773284.1418995 -1464231.71947267);;287;34105
MULTIPOINT(14772923.5315947 -1463225.24567002);Airport Terminal Shuttle;288;34129
MULTIPOINT(14770691.93314 -1457627.19162365);JFK Boulevard at McAdoo Avenue;289;34382
MULTIPOINT(14770714.0855593 -1457639.57543001);JFK Boulevard at McAdoo Avenue;290;34384
MULTIPOINT(14775121.905819 -1460211.70509527);Ferry Street at Waydell Street;291;34447
MULTIPOINT(14772872.4566341 -1456370.13032126);Communipaw Avenue at Mallory Avenue;292;35253
MULTIPOINT(14772336.2896728 -1455851.03295176);JFK Boulevard at Communipaw Avenue;293;35258
MULTIPOINT(14772354.1677288 -1455783.30156807);JFK Boulevard at Communipaw Avenue;294;35260
MULTIPOINT(14771664.502627 -1455119.08198214);Communipaw Avenue at Grand Street;295;35299
MULTIPOINT(14771679.6971432 -1454903.61968893);Grand Street at Garfield Avenue;296;35300
MULTIPOINT(14773411.8730912 -1454518.46896868);Sip Avenue at Tonnelle Avenue;297;35351
MULTIPOINT(14769292.573187 -1451124.89093558);Battery Place / West Street;298;35987
MULTIPOINT(14769265.4775239 -1450989.87237782);Battery Place & Washington Street;299;36005
MULTIPOINT(14769230.3918994 -1450889.99740398);Greenwich Street at Battery Place;300;36105
MULTIPOINT(14769208.8446127 -1450834.57407185);Broadway at Battery Place;301;36115
MULTIPOINT(14769522.6012063 -1450624.29738414);;302;36357
MULTIPOINT(14770152.3359097 -1450016.83316322);Church Street between Warren and Chambers Street;303;37358
MULTIPOINT(14771011.9163192 -1452475.63809736);Montgomery Street at Green Street;304;37482
MULTIPOINT(14770456.1129058 -1450242.36188391);Chambers Street & Greenwich Street;305;37781
MULTIPOINT(14772619.854234 -1449174.62486174);Bethune St/Greenwich St;306;39436
MULTIPOINT(14774313.9082007 -1452861.84790829);Central Avenue at Manhattan Avenue;307;39535
MULTIPOINT(14774326.1882178 -1452872.95432851);Central Avenue at Manhattan Avenue;308;39536
MULTIPOINT(14774647.3071724 -1453426.04842396);JFK Boulevard at Carlton Avenue;309;39540
MULTIPOINT(14775842.5331253 -1453528.70409133);New Jersey International & Bulk Mail Center;310;39559
MULTIPOINT(14777315.7867882 -1454194.92580749);Secaucus Junction;311;39747
MULTIPOINT(14779107.6058839 -1454250.8780841);Seaview Drive at Meadowlands Parkway;312;39757
MULTIPOINT(14778875.228487 -1453398.73207472);Enterprise Avenue at Secaucus Road;313;39759
MULTIPOINT(14777316.2582992 -1453674.38583857);County Avenue at County Road;314;39764
MULTIPOINT(14778269.8173988 -1452702.34715144);County Avenue at Secaucus Road;315;39782
MULTIPOINT(14777148.7052846 -1448395.61575018);;316;41499
MULTIPOINT(14774795.3087407 -1451785.16208989);Congress Street at Palisade Avenue;317;40403
MULTIPOINT(14774781.443709 -1451747.92460614);Congress Street at Palisade Avenue;318;40404
MULTIPOINT(14776012.8437086 -1451759.5083733);JFK Boulevard at 8th Street;319;40413
MULTIPOINT(14775995.2858091 -1451740.95513658);JFK Boulevard at 8th Street;320;40414
MULTIPOINT(14775165.1778407 -1450565.93391507);Willow Avenue at 15th Street;321;40569
MULTIPOINT(14775206.0238604 -1450572.87833447);Willow Avenue at 15th Street;322;40571
MULTIPOINT(14772829.339442 -1449122.95845625);Greenwich St/ Horatio St;323;40726
MULTIPOINT(14773060.3176741 -1448975.82673603);W 14 St/9 Av;324;40850
MULTIPOINT(14776217.2886242 -1450489.35587968);;325;41320
MULTIPOINT(14776535.6846888 -1450396.94810006);;326;41332
MULTIPOINT(14776660.1270875 -1450464.2398739);;327;41336
MULTIPOINT(14776351.3354973 -1450375.84272306);;328;41338
MULTIPOINT(14776502.9077134 -1450241.55151187);;329;41346
MULTIPOINT(14777469.8217791 -1450394.38711309);JFK Boulevard at 32nd Street;330;41393
MULTIPOINT(14777505.273957 -1450240.61961146);JFK Boulevard at 32nd Street;331;41395
MULTIPOINT(14777301.1753408 -1448567.2270292);;332;41491
MULTIPOINT(14777553.8317317 -1448177.1872522);;333;41512
MULTIPOINT(14777543.1999418 -1448160.95555634);;334;41513
MULTIPOINT(14762143.6958831 -1451020.99120988);;335;45425
MULTIPOINT(14762123.7699429 -1451029.70752727);;336;45424
MULTIPOINT(14761820.1130209 -1449853.67901492);;337;46748
MULTIPOINT(14757025.8317378 -1448982.4952028);B2;338;47337
MULTIPOINT(14757065.123832 -1448978.07176117);B100;339;47388
MULTIPOINT(14756956.9976169 -1448165.18404596);B100;340;47738
MULTIPOINT(14756940.3662317 -1448146.403182);B100;341;47739
MULTIPOINT(14757362.338316 -1445228.99230681);B41;342;49989
MULTIPOINT(14757369.3637664 -1445192.08168993);B41;343;49996
MULTIPOINT(14759591.5043138 -1447863.17409174);Brooklyn College;344;50319
MULTIPOINT(14759627.5692701 -1447840.89699395);Brooklyn College;345;50320
MULTIPOINT(14764343.1476724 -1449396.8199686);;346;54205
MULTIPOINT(14764399.9438993 -1449424.71510976);;347;54212
MULTIPOINT(14767156.2732882 -1449295.29735814);;348;57511
MULTIPOINT(14765779.0734463 -1448364.60872961);;349;58262
MULTIPOINT(14764473.676114 -1447999.83362189);;350;58516
MULTIPOINT(14764513.8720275 -1447981.83104525);;351;58518
MULTIPOINT(14764833.3687697 -1447971.56837863);Vanderbilt Av / Plaza St E;352;58542
MULTIPOINT(14766422.8244922 -1448283.83504497);B25-B26;353;59161
MULTIPOINT(14766375.5600328 -1448217.09697905);B25-B26;354;59168
MULTIPOINT(14766346.1957164 -1448199.651516);B25-B26-B38-B52;355;59172
MULTIPOINT(14766154.1026106 -1447998.96570696);B25-B26;356;59228
MULTIPOINT(14766257.0898238 -1448091.48791579);B25-B26;357;59245
MULTIPOINT(14766230.8565956 -1448040.26693488);B25-B26;358;59271
MULTIPOINT(14766097.1273915 -1447873.79198931);B52;359;59321
MULTIPOINT(14766270.7427946 -1447880.35627884);B38;360;59330
MULTIPOINT(14766934.3566572 -1447664.10594056);;361;59537
MULTIPOINT(14766916.0648893 -1447657.35079764);;362;59539
MULTIPOINT(14766827.3942315 -1447434.20274156);;363;59892
MULTIPOINT(14766836.564307 -1447372.32923917);;364;59917
MULTIPOINT(14766808.9127352 -1447300.70018303);;365;59931
MULTIPOINT(14766788.960686 -1447139.7957559);;366;59983
MULTIPOINT(14762381.1334627 -1447725.39069631);b41;367;60421
MULTIPOINT(14763245.974189 -1443046.86839828);;368;70657
MULTIPOINT(14764934.412529 -1444765.65861515);B15;369;66264
MULTIPOINT(14757157.1991822 -1444470.66711789);;370;67180
MULTIPOINT(14764946.7977106 -1444741.25239871);B26;371;66270
MULTIPOINT(14764929.4841368 -1444534.06271421);b26;372;66276
MULTIPOINT(14757032.7141307 -1445165.52985725);B100;373;67053
MULTIPOINT(14757046.3036826 -1445181.00391863);B100;374;67054
MULTIPOINT(14760356.1403364 -1443307.9186837);;375;68054
MULTIPOINT(14760316.7063302 -1443288.49144707);;376;68055
MULTIPOINT(14759614.4930395 -1443037.35152504);;377;68143
MULTIPOINT(14759623.6953151 -1443015.61295877);;378;68147
MULTIPOINT(14759239.0501914 -1442863.90424755);;379;68157
MULTIPOINT(14759241.1355316 -1442837.7162493);;380;68162
MULTIPOINT(14758983.8708105 -1442717.42042589);;381;68169
MULTIPOINT(14759010.5673205 -1442753.91302389);;382;68171
MULTIPOINT(14759419.1764039 -1442946.31342044);;383;68182
MULTIPOINT(14759472.8955442 -1442945.31793876);;384;68188
MULTIPOINT(14759840.0528805 -1443136.79316293);;385;68239
MULTIPOINT(14759965.007471 -1443109.54639566);;386;68247
MULTIPOINT(14758518.8051136 -1442532.13502527);;387;68406
MULTIPOINT(14758331.0385561 -1442452.28419824);;388;68416
MULTIPOINT(14758295.3697011 -1442386.79167562);;389;68422
MULTIPOINT(14758529.5074736 -1442505.06325785);;390;68428
MULTIPOINT(14758790.8623405 -1442654.29524007);;391;68448
MULTIPOINT(14758759.3490462 -1442614.70130319);;392;68449
MULTIPOINT(14760644.0047746 -1443285.28335338);;393;68752
MULTIPOINT(14760683.8152937 -1443264.23203115);;394;68755
MULTIPOINT(14761124.0616965 -1443233.09925764);;395;68892
MULTIPOINT(14761192.3488689 -1443242.36259302);;396;68893
MULTIPOINT(14761427.6620264 -1443224.09033791);;397;68912
MULTIPOINT(14761533.942011 -1443199.48924415);;398;68914
MULTIPOINT(14761840.9743495 -1443177.20441604);;399;69295
MULTIPOINT(14761961.9367393 -1443184.5075393);;400;69305
MULTIPOINT(14761960.859247 -1443169.04488812);;401;69306
MULTIPOINT(14762134.6249067 -1443170.4367285);;402;69338
MULTIPOINT(14762327.6724242 -1443156.37103775);;403;69360
MULTIPOINT(14762788.3164113 -1443121.28002214);;404;69450
MULTIPOINT(14762839.8639364 -1443143.75051631);;405;69451
MULTIPOINT(14762856.9114315 -1443099.67212879);;406;69453
MULTIPOINT(14762394.1520464 -1443133.38412277);;407;69461
MULTIPOINT(14762503.283833 -1443143.1957511);;408;69464
MULTIPOINT(14762564.1917423 -1443121.24752671);;409;69477
MULTIPOINT(14762817.3660554 -1443080.77787296);;410;69521
MULTIPOINT(14760090.0443764 -1440690.31435261);;411;69954
MULTIPOINT(14760068.6604325 -1440676.74703421);;412;69956
MULTIPOINT(14760078.4900085 -1440675.02615652);;413;69957
MULTIPOINT(14760109.9576443 -1440680.6536491);;414;69958
MULTIPOINT(14763090.868482 -1443081.97405607);;415;70639
MULTIPOINT(14763141.3537959 -1443082.82866295);;416;70646
MULTIPOINT(14763268.0280819 -1443021.00522752);;417;70661
MULTIPOINT(14763365.5635091 -1443003.07529364);;418;70683
MULTIPOINT(14763544.1265371 -1442942.82819788);;419;70702
MULTIPOINT(14763538.9306167 -1442923.09846581);;420;70703
MULTIPOINT(14763676.0918314 -1442875.45339347);;421;70836
MULTIPOINT(14763822.1154288 -1442856.38163403);;422;70853
MULTIPOINT(14763835.8045469 -1442839.31245248);;423;70861
MULTIPOINT(14764085.1040381 -1442826.7277636);;424;70909
MULTIPOINT(14764077.6802256 -1442811.2932897);;425;70910
MULTIPOINT(14764243.5450641 -1442806.43969933);;426;70920
MULTIPOINT(14764239.7221212 -1442791.73824741);;427;70923
MULTIPOINT(14764374.3360154 -1442758.81998008);;428;71325
MULTIPOINT(14764414.6400726 -1442737.86556293);;429;71330
MULTIPOINT(14764643.1785142 -1442442.80147374);;430;71405
MULTIPOINT(14764763.9076141 -1442288.44495941);;431;71425
MULTIPOINT(14767895.2707582 -1448362.14181927);;432;75621
MULTIPOINT(14768018.0979036 -1448709.8444598);;433;75597
MULTIPOINT(14768034.9328153 -1448659.54947657);;434;75602
MULTIPOINT(14767920.3359493 -1448366.78074116);;435;75617
MULTIPOINT(14767922.8120156 -1448320.98394385);B61;436;75626
MULTIPOINT(14768054.0953894 -1448292.04897356);B61;437;75635
MULTIPOINT(14768063.845795 -1448265.22177443);B61;438;75637
MULTIPOINT(14769293.6471919 -1449862.22786924);;439;75790
MULTIPOINT(14767652.3258146 -1448143.90472912);;440;76750
MULTIPOINT(14767052.7752393 -1448068.3496549);;441;76679
MULTIPOINT(14767546.9023891 -1447838.62621406);;442;76838
MULTIPOINT(14767582.4235756 -1447888.13870129);;443;76839
MULTIPOINT(14767030.2057751 -1447951.24609702);;444;76844
MULTIPOINT(14767513.0287951 -1447674.41788747);;445;76909
MULTIPOINT(14767489.7623397 -1447662.14740427);;446;76911
MULTIPOINT(14767805.1261071 -1448125.88406744);;447;76936
MULTIPOINT(14766879.3360832 -1447410.97639913);;448;76954
MULTIPOINT(14767128.8636362 -1447398.11349806);;449;76966
MULTIPOINT(14767135.3256697 -1447384.23928774);;450;76967
MULTIPOINT(14766810.288975 -1447188.55615274);;451;76979
MULTIPOINT(14767370.1491091 -1447352.82157039);;452;77024
MULTIPOINT(14768661.4053703 -1446355.13211233);B62;453;77768
MULTIPOINT(14771809.0695225 -1448952.04569001);;454;81103
MULTIPOINT(14771595.4855831 -1449113.27147177);6th Avenue & West Houston Street;455;80883
MULTIPOINT(14771648.9096474 -1448463.21157211);NYU Trolley Stop;456;81502
MULTIPOINT(14771497.2873439 -1448115.0188968);E 8 St/Lafayette St;457;82434
MULTIPOINT(14771502.3797113 -1448031.3752738);4Av/E 9 St;458;82448
MULTIPOINT(14774340.4421854 -1446964.31994);W 42 St / 7 Av;459;96213
MULTIPOINT(14771427.7099439 -1446621.76750135);Starting Point for M9 - To City Hall;460;84847
MULTIPOINT(14767143.7252299 -1444885.16631054);Broadway / Thornton Street;461;85690
MULTIPOINT(14774066.3183327 -1446710.25282932);W 42 St / 6 Av;462;96481
MULTIPOINT(14770896.528636 -1444900.10983207);India Street & Manhattan Avenue;463;91075
MULTIPOINT(14771032.9933108 -1444858.90384369);B62, B32;464;91111
MULTIPOINT(14771134.5896094 -1444905.22385425);B32;465;91115
MULTIPOINT(14771077.2844043 -1444892.54431598);B62;466;91117
MULTIPOINT(14773152.6842546 -1445756.35875536);E 42 St / 1 Av;467;99177
MULTIPOINT(14772878.787772 -1448790.5784056);;468;92046
MULTIPOINT(14773411.6687542 -1447810.35623848);Christina's;469;93151
MULTIPOINT(14773434.0490597 -1447804.07240485);Megabus;470;93152
MULTIPOINT(14773185.0275914 -1445582.92212036);;471;99304
MULTIPOINT(14774729.6805954 -1447363.26806086);W 42 St / 9 Av;472;95379
MULTIPOINT(14773972.2766738 -1447323.52390157);Washington Deluxe;473;95685
MULTIPOINT(14774540.2363287 -1447170.43431793);W 42 St / 8 Av;474;96240
MULTIPOINT(14774664.3497082 -1447320.45068526);W 42 St / 9 Av;475;96246
MULTIPOINT(14774509.5560851 -1447163.34507846);W 24 St / 8 Av;476;96286
MULTIPOINT(14774303.9213897 -1446953.77596374);W 42 St / 7 Av;477;96425
MULTIPOINT(14774218.7553489 -1446864.76038245);W 42 St / Broadway;478;96446
MULTIPOINT(14774146.7404466 -1446768.48699521);W 42 St / 6 Av;479;96450
MULTIPOINT(14772936.3929424 -1446195.4727501);NYC Airporter, JFK and LGA Airports;480;97590
MULTIPOINT(14772994.148735 -1445727.16511999);E 41 St / 1 Av;481;97732
MULTIPOINT(14773641.0009294 -1446470.94960481);;482;97920
MULTIPOINT(14773911.9579354 -1446530.53060467);W 42 St / 5 Av;483;97959
MULTIPOINT(14773793.4343602 -1446409.77082664);E 42 St / Madison Av;484;97980
MULTIPOINT(14773814.6769146 -1446456.47371317);W 42 St / 5 Av;485;97985
MULTIPOINT(14773595.1175719 -1446231.69250493);E 24 St / Park Av;486;98022
MULTIPOINT(14773714.8272613 -1446354.84322451);E 42 St / Madison Av;487;98031
MULTIPOINT(14773376.237908 -1446008.7034067);E 42 St / 3 Av;488;98140
MULTIPOINT(14773217.5604039 -1445847.19406111);E 42 St / 2 Av;489;98185
MULTIPOINT(14773244.2564257 -1445896.02133098);;490;98192
MULTIPOINT(14773286.8703402 -1445894.01032089);E 42 St / 2 Av;491;98195
MULTIPOINT(14773519.4580723 -1446129.33942288);E 42 St / Lexington Av;492;98284
MULTIPOINT(14773481.8459583 -1446117.44958399);E 24 St / Lexington Av;493;98285
MULTIPOINT(14773459.9845704 -1446067.8445016);E 42 St / 3 Av;494;98299
MULTIPOINT(14774385.9225634 -1446010.92230806);;495;98890
MULTIPOINT(14773007.8581786 -1445643.59385783);E 42 St / 1 Av;496;99182
MULTIPOINT(14773700.5830024 -1445449.49701613);;497;99851
MULTIPOINT(14773741.0322059 -1445417.14598171);;498;99859
MULTIPOINT(14775270.6962898 -1447913.39489933);W 42 St / 12 Av;499;100338
MULTIPOINT(14775238.3429412 -1447906.76519999);W 42 St / 12 Av;500;100339
MULTIPOINT(14775354.9536923 -1447941.17991798);12 Av / 42 St;501;100351
MULTIPOINT(14775353.8633487 -1447828.10181541);12 Av / W 43 St;502;100360
MULTIPOINT(14775480.3626126 -1447709.60278678);12 Av / W 46 St;503;100375
MULTIPOINT(14775054.1679866 -1447719.38686064);W 42 St / 11 Av;504;100387
MULTIPOINT(14774933.1028289 -1447569.98426845);W 42 St / 10 Av;505;100394
MULTIPOINT(14775089.1442212 -1447725.64839848);W 42 St / 11 Av;506;100400
MULTIPOINT(14774869.3663559 -1447531.62506395);W 42 St / 10 Av;507;100427
MULTIPOINT(14775315.8866663 -1447124.70330428);402195 (M50);508;100859
MULTIPOINT(14775697.4208264 -1446119.56185864);Broadway / 61st St;509;101883
MULTIPOINT(14775894.4640178 -1446069.06669216);Broadway / 63rd St;510;102024
MULTIPOINT(14775971.1826577 -1446052.89866077);Broadway / 64th St;511;102039
MULTIPOINT(14776208.7564666 -1445950.64688254);Broadway / 66th St;512;102119
MULTIPOINT(14776333.4303808 -1445949.12478229);;513;102148
MULTIPOINT(14776734.9655727 -1445832.02834362);West 72nd Street / Broadway;514;102311
MULTIPOINT(14776770.432645 -1445836.98710472);West 72nd Street / Broadway;515;102319
MULTIPOINT(14774554.1781029 -1446260.91524714);;516;102369
MULTIPOINT(14774573.3498879 -1445559.55109997);;517;102809
MULTIPOINT(14775437.6687439 -1446057.09994731);;518;103091
MULTIPOINT(14775583.1388592 -1446058.16969613);;519;103098
MULTIPOINT(14775616.5230119 -1446102.49412751);;520;103101
MULTIPOINT(14775686.934798 -1446084.32510004);Broadway / 61st St;521;103106
MULTIPOINT(14775040.5616369 -1444696.74851554);67th St / Lexington Ave;522;104189
MULTIPOINT(14775809.3040588 -1445865.63119802);Central Park West / 64th St;523;104474
MULTIPOINT(14775944.3325537 -1446015.92617183);Broadway / 63rd St;524;104483
MULTIPOINT(14775926.0475913 -1445749.99581704);Central Park West / 66th St;525;104508
MULTIPOINT(14776160.5480672 -1445921.11589063);Columbus Ave / 66th St;526;104529
MULTIPOINT(14776307.2347038 -1445777.4989053);Columbus Ave / 69th St;527;104590
MULTIPOINT(14776051.2181058 -1445627.51807412);Central Park West / 68th St;528;104613
MULTIPOINT(14776168.5773041 -1445513.01956086);Central Park West / 70th St;529;104626
MULTIPOINT(14776472.7878226 -1445868.32857326);Broadway / 69th St;530;104672
MULTIPOINT(14776475.3176222 -1445612.21746148);Columbus Ave / 72nd St;531;104755
MULTIPOINT(14776719.1595415 -1445744.52296707);Amsterdam Ave / 72nd St;532;104816
MULTIPOINT(14776814.1052915 -1445734.16461402);Broadway / 73rd St;533;104828
MULTIPOINT(14776870.302632 -1445744.73700621);Broadway / 74th St;534;104852
MULTIPOINT(14776979.4709492 -1445646.30933027);Broadway / 75th St;535;104880
MULTIPOINT(14776900.5005788 -1445565.30088094);Amsterdam Ave / 75th St;536;104903
MULTIPOINT(14776671.5988906 -1445417.09143606);Columbus Ave / 75th St;537;104936
MULTIPOINT(14776284.766223 -1445399.6087943);Central Park West / 72nd St;538;104965
MULTIPOINT(14776310.3741766 -1445400.02314845);72nd St / Central Park West;539;104968
MULTIPOINT(14776326.5394006 -1445384.76426258);72nd St / Central Park West;540;104971
MULTIPOINT(14776308.6724334 -1445340.24645071);Central Park West / 72nd St;541;104978
MULTIPOINT(14776406.9988096 -1445277.93527486);Central Park West / 74th St;542;104983
MULTIPOINT(14776589.4588193 -1445098.59651323);Central Park West / 77th St;543;105014
MULTIPOINT(14776848.5956235 -1445244.81507895);Columbus Ave / 78th St;544;105023
MULTIPOINT(14776743.9629752 -1444959.82400549);Central Park West / 79th St;545;105035
MULTIPOINT(14775750.7366898 -1444406.29140503);Madison Ave / 75th St;546;105327
MULTIPOINT(14776086.7746982 -1444279.85932015);79th St / 5th Ave;547;105501
MULTIPOINT(14775977.708381 -1444168.12859114);79th St / Madison Ave;548;105551
MULTIPOINT(14773720.6401383 -1444147.79548391);Kiosk Bus Stop;549;106952
MULTIPOINT(14773623.9359523 -1444037.31985279);Tram Bus Stop;550;106968
MULTIPOINT(14773695.4338058 -1444104.48791189);;551;106973
MULTIPOINT(14773776.2904278 -1443925.94852248);Main St / F Subway;552;106983
MULTIPOINT(14772318.6385945 -1443060.44330545);;553;107210
MULTIPOINT(14772305.2741598 -1443026.26080948);;554;107212
MULTIPOINT(14771886.3918678 -1442760.11733115);Q60;555;107912
MULTIPOINT(14770682.9969968 -1433446.13299439);;556;126862
MULTIPOINT(14772562.9326555 -1442396.28115176);;557;108923
MULTIPOINT(14772997.3488605 -1441040.53507953);Broadway & Steinway Street;558;109901
MULTIPOINT(14773052.7398107 -1441069.52864929);Broadway & Steinway Street;559;109904
MULTIPOINT(14773867.7662527 -1443969.31582834);West Rd / F Subway;560;110100
MULTIPOINT(14774057.9165287 -1443605.24130025);;561;110120
MULTIPOINT(14774923.278063 -1443956.21966064);E 72 St / 1 Av;562;110343
MULTIPOINT(14775784.8654264 -1443973.18011462);79th St / Lexington Ave;563;111003
MULTIPOINT(14776407.2950972 -1443746.22228933);86th St / Madison Ave;564;111566
MULTIPOINT(14776173.9024401 -1443507.32962507);86th St / Lexington Ave;565;111603
MULTIPOINT(14776054.7001341 -1442762.64414813);M86-SMS, M31;566;112125
MULTIPOINT(14775923.4996537 -1442658.7334472);M86-SBS, M31;567;112147
MULTIPOINT(14775970.9145193 -1442598.00659443);M86-SBS, M31;568;112167
MULTIPOINT(14773566.0424544 -1442533.74880207);;569;112199
MULTIPOINT(14773556.7198677 -1442508.56794864);;570;112224
MULTIPOINT(14773121.8388358 -1441156.66991864);;571;112788
MULTIPOINT(14773184.2518288 -1441191.13792895);;572;112810
MULTIPOINT(14774653.2666277 -1441272.63134996);;573;113469
MULTIPOINT(14770056.2656229 -1439935.0412189);50 Av/67 St;574;115982
MULTIPOINT(14770060.721972 -1439919.38279099);50 Ave/67 St;575;115983
MULTIPOINT(14769054.6626701 -1439219.57390135);GRAND AV/74 ST;576;116264
MULTIPOINT(14765031.3098966 -1435245.5665199);Q9;577;117694
MULTIPOINT(14765088.967134 -1435278.91146706);Q9;578;117695
MULTIPOINT(14765084.5917381 -1435256.75517159);Q9;579;117696
MULTIPOINT(14765030.5745819 -1435226.83808141);Q9;580;117700
MULTIPOINT(14765256.2328601 -1435108.55056045);Q9;581;117792
MULTIPOINT(14765279.6241267 -1435106.30555622);Q9;582;117793
MULTIPOINT(14765775.2089144 -1435112.24126446);Q10,Q37;583;117969
MULTIPOINT(14765844.1860279 -1434886.10670428);Q10;584;118006
MULTIPOINT(14769021.4746734 -1437745.9374879);;585;118483
MULTIPOINT(14768618.1921307 -1436134.89939266);;586;118832
MULTIPOINT(14767026.8629954 -1435860.37266176);;587;119412
MULTIPOINT(14771114.8505046 -1440214.53140987);;588;120482
MULTIPOINT(14770959.7155571 -1440007.05400342);;589;120518
MULTIPOINT(14771911.2481265 -1438647.90751206);Northern Blvd/78 Street Q66 SB to LIC;590;122751
MULTIPOINT(14773580.354728 -1436910.70661624);Terminal B;591;125110
MULTIPOINT(14770233.9841955 -1436125.29993565);;592;125670
MULTIPOINT(14771566.6133898 -1436136.70395378);;593;126370
MULTIPOINT(14770956.6614678 -1433464.4519293);;594;126889
MULTIPOINT(14770807.6956283 -1433442.05009248);;595;126891
MULTIPOINT(14772762.0942669 -1435960.62624369);;596;127128
MULTIPOINT(14772082.5465554 -1434043.30987447);;597;127307
MULTIPOINT(14770997.7194933 -1433525.49817421);;598;127388
MULTIPOINT(14771042.6034154 -1433472.26730719);;599;127398
MULTIPOINT(14771010.3918344 -1433443.39497022);;600;127405
MULTIPOINT(14753065.3832524 -1437474.01216326);Cross Bay Bl / E 16 Rd;601;128164
MULTIPOINT(14753148.4449151 -1437470.31703556);Cross Bay Bl / W 15 Rd;602;128167
MULTIPOINT(14750703.9980358 -1431187.36919172);Beach 9 ST;603;129073
MULTIPOINT(14750671.4578212 -1431164.25111416);Beach 9 St & Seagirt Ave;604;129099
MULTIPOINT(14750762.039201 -1431146.67073295);Seagirt Blvd & Beach 9 St;605;129100
MULTIPOINT(14750769.6488843 -1431125.14937687);Seagirt Blvd & Beach 9 St;606;129101
MULTIPOINT(14750747.3667734 -1431111.78548693);Beach 9 St & Seagirt Blvd;607;129102
MULTIPOINT(14753632.4346926 -1437245.3799064);Cross Bay Bl / E 9 Rd;608;129559
MULTIPOINT(14753765.3316268 -1437219.59199555);Cross Bay Bl / Noel Rd;609;129565
MULTIPOINT(14753782.2665766 -1437212.77670322);Cross Bay Bl / Noel Rd;610;129566
MULTIPOINT(14754877.2269666 -1437295.67929338);Cross Bay Bl / Wildlife Refuge;611;129627
MULTIPOINT(14754947.7453626 -1437286.51281627);Cross Bay Bl / Wildlife Refuge;612;129628
MULTIPOINT(14760554.7895805 -1434922.36467817);135 AV/125 ST;613;130306
MULTIPOINT(14760380.7289904 -1432528.17513423);;614;131236
MULTIPOINT(14762681.137725 -1432824.35623877);Q9;615;131447
MULTIPOINT(14762870.5080915 -1432904.09241297);Q6, Q60;616;131460
MULTIPOINT(14762724.1115267 -1432855.77850682);Q6;617;131462
MULTIPOINT(14762819.2963842 -1432853.60786091);Q60;618;131475
MULTIPOINT(14760238.2678937 -1430738.23469993);Bedell Street/133rd Avenue;619;132640
MULTIPOINT(14760031.032665 -1430590.40773595);Bedell Street/134th Road;620;132675
MULTIPOINT(14760149.5706352 -1430335.31937762);Q3 _ JFK;621;132688
MULTIPOINT(14760148.5270531 -1430310.02981619);Q3 - 179th St;622;132689
MULTIPOINT(14761574.2449653 -1428238.14539139);;623;133768
MULTIPOINT(14763590.1166412 -1433322.54203662);Q6, Q8, Q9, Q40, Q60;624;136376
MULTIPOINT(14763863.229645 -1433413.70238074);Q43;625;136526
MULTIPOINT(14763864.3872985 -1433398.51682829);Q30, Q31;626;136528
MULTIPOINT(14763859.1868682 -1433361.03200696);Q6;627;136531
MULTIPOINT(14763908.105674 -1433381.34449028);Q8, Q41, Q60;628;136537
MULTIPOINT(14763959.9287861 -1433377.77894542);Q6;629;136555
MULTIPOINT(14763978.3411527 -1433375.44098697);Q9;630;136556
MULTIPOINT(14763883.8227737 -1433339.67172848);Q20A/B, Q44;631;136564
MULTIPOINT(14764025.3254497 -1433377.59321004);Q58;632;136622
MULTIPOINT(14764037.061048 -1433361.14675731);Q43;633;136630
MULTIPOINT(14764058.4863013 -1433345.86440767);Q43;634;136631
MULTIPOINT(14764250.4782159 -1433354.01791907);Q43;635;136687
MULTIPOINT(14765079.7220322 -1433973.37925923);Q9;636;136833
MULTIPOINT(14765177.651439 -1434039.99680647);Q9;637;136878
MULTIPOINT(14764400.6664447 -1433382.45437683);Q40;638;136983
MULTIPOINT(14764446.6692789 -1433369.65815932);Q20A/B, Q44;639;137003
MULTIPOINT(14764471.0240491 -1433372.07743009);Q43;640;137006
MULTIPOINT(14764535.461455 -1433121.77314061);Q43;641;137054
MULTIPOINT(14763269.9145594 -1433377.55206498);Q9;642;137166
MULTIPOINT(14763094.6607763 -1433087.7325484);Q6, Q60;643;137205
MULTIPOINT(14763085.6446914 -1433067.37038773);;644;137209
MULTIPOINT(14763349.0336751 -1433252.19300804);;645;137214
MULTIPOINT(14763470.6006317 -1433315.63255823);Q9;646;137215
MULTIPOINT(14762882.910915 -1432929.8698972);Q6, Q60;647;137257
MULTIPOINT(14763981.3307664 -1433027.18827403);Q31, Q41, Q54, Q56;648;137387
MULTIPOINT(14763981.8600503 -1433013.26670587);Q6, Q8, Q9, Q24, Q30;649;137390
MULTIPOINT(14763904.8877856 -1432817.89894848);Q9;650;137456
MULTIPOINT(14763913.3879934 -1432630.06349444);Q9;651;137535
MULTIPOINT(14764014.7328373 -1432569.23897654);;652;137564
MULTIPOINT(14764059.3542568 -1432643.45963913);Q25, Q34, Q65;653;137565
MULTIPOINT(14764030.1070813 -1432578.48684191);Q6, Q9;654;137568
MULTIPOINT(14764452.8322198 -1432726.82105236);;655;137916
MULTIPOINT(14764567.1588234 -1432763.55841177);Q43;656;137986
MULTIPOINT(14764543.0470676 -1432753.32689343);Q43;657;137988
MULTIPOINT(14764570.2459861 -1432423.18762458);Hillside Av/163 St;658;138151
MULTIPOINT(14764590.7670448 -1432238.92247343);Hillside Av/165 St;659;138184
MULTIPOINT(14764131.3317329 -1432118.30090364);Q24, Q54, Q56;660;138382
MULTIPOINT(14764661.380618 -1431764.13265165);Hillside Ave & 169th St;661;138641
MULTIPOINT(14764681.9811857 -1431785.02319787);Hillside Ave & Homelawn St;662;138645
MULTIPOINT(14764677.371519 -1431672.98434751);;663;138688
MULTIPOINT(14764683.2778923 -1431637.07390954);;664;138722
MULTIPOINT(14764685.1436985 -1431625.91401812);Hillside Ave & 170th St;665;138727
MULTIPOINT(14764726.2139531 -1431529.3398064);Hillside Ave & 172 Street;666;138739
MULTIPOINT(14764727.8795392 -1431519.20635143);Hillside Ave & 172 Street;667;138740
MULTIPOINT(14764710.4495729 -1431424.17463333);Hillside Ave & 173 Street;668;138798
MULTIPOINT(14764702.1719361 -1431402.54526879);Hillside Ave & 173 Street;669;138799
MULTIPOINT(14767539.2038316 -1433809.89734216);Main St & Jewel Ave;670;139435
MULTIPOINT(14768046.3668887 -1433847.32400989);MAIN ST/MELBOURNE AV;671;139492
MULTIPOINT(14768020.7110157 -1433840.6651255);MAIN ST/MELBOURNE AV;672;139513
MULTIPOINT(14768361.7794119 -1433736.43552964);;673;139526
MULTIPOINT(14768382.7786176 -1433717.33419296);;674;139527
MULTIPOINT(14767817.230679 -1432987.61355943);Queens College Shuttle;675;139707
MULTIPOINT(14767836.6464259 -1432995.59445317);;676;139708
MULTIPOINT(14767512.5463481 -1432677.03100935);Q64, QMx4;677;139785
MULTIPOINT(14766194.5585277 -1432220.34298979);;678;139877
MULTIPOINT(14768625.7105609 -1433639.98322162);Main St & 63rd Avenue;679;142879
MULTIPOINT(14768713.030175 -1433614.73465926);Main St & 146th St;680;142884
MULTIPOINT(14769036.7181952 -1433583.33459579);;681;142915
MULTIPOINT(14769985.6509621 -1433368.1453054);;682;143092
MULTIPOINT(14769783.0970084 -1432812.18291213);25;683;143120
MULTIPOINT(14771481.1123255 -1433147.30374787);;684;144199
MULTIPOINT(14772062.1605094 -1432176.13503134);Q16 - Fort Totten to Main St.;685;144813
MULTIPOINT(14772037.3987174 -1432071.3672087);Q16 - Main St. to Fort Totten;686;144819
MULTIPOINT(14772038.1972774 -1431972.07461865);Q16 - Fort Totten to Main St.;687;144888
MULTIPOINT(14772010.8749938 -1431858.46115902);Q16 - Fort Totten to Main St.;688;144891
MULTIPOINT(14755610.891389 -1407053.26043692);;689;153699
MULTIPOINT(14762125.9040729 -1414444.02835266);Bus Stop;690;154059
MULTIPOINT(14761764.4847577 -1414237.94015476);Bus Stop;691;154064
MULTIPOINT(14762458.8903142 -1414490.2414224);Bus Stop;692;154069
MULTIPOINT(14762345.5278695 -1414015.32508088);Bus Stop;693;154087
MULTIPOINT(14762499.4983876 -1414340.88340065);Bus Stop;694;154092
MULTIPOINT(14762472.5637117 -1413929.31133171);Bus Stop;695;154103
MULTIPOINT(14791830.2695385 -1481066.94919504);;696;158482
MULTIPOINT(14795694.2096772 -1477359.11644305);Beverwyck Road;697;158850
MULTIPOINT(14795278.3262087 -1476333.69637841);;698;158862
MULTIPOINT(14783240.4361216 -1463652.60930778);Bloomfield Avenue at Municipal Plaza;699;159906
MULTIPOINT(14783123.1183986 -1463666.38894236);Bloomfield Avenue at Burroughs Place;700;159909
MULTIPOINT(14787834.9839073 -1463290.27474868);Bus stop;701;160237
MULTIPOINT(14799604.5635155 -1465612.50624916);Mother's Park and Ride;702;160561
MULTIPOINT(14795220.2863662 -1465981.87938789);Willowbrook Park & Ride;703;160656
MULTIPOINT(14795465.4181539 -1466156.93360409);;704;160657
MULTIPOINT(14795499.0592301 -1466179.80335247);Willowbrook Shopper's Stop;705;160658
MULTIPOINT(14795509.5969764 -1466164.21689023);;706;160659
MULTIPOINT(14793970.6776119 -1463637.50436751);;707;160716
MULTIPOINT(14793324.4275527 -1462685.16969881);;708;160813
MULTIPOINT(14793265.7511913 -1462559.981241);;709;160814
MULTIPOINT(14810628.9811941 -1470653.11871654);;710;161285
MULTIPOINT(14810692.1880204 -1470618.73880336);;711;161291
MULTIPOINT(14809666.5201567 -1470360.46363526);;712;161422
MULTIPOINT(14809702.1070911 -1470334.28216354);;713;161423
MULTIPOINT(14809270.392726 -1470149.61746159);;714;161429
MULTIPOINT(14809192.4603584 -1470005.11526972);;715;161430
MULTIPOINT(14809965.2959325 -1470475.93724512);;716;161439
MULTIPOINT(14809889.4947107 -1470405.21903257);;717;161441
MULTIPOINT(14810209.9315378 -1470527.71896603);;718;161444
MULTIPOINT(14809222.2880352 -1469923.19889469);;719;161448
MULTIPOINT(14809753.8824019 -1469545.71875074);;720;161454
MULTIPOINT(14810104.7524879 -1469470.10183494);;721;161455
MULTIPOINT(14807680.8782586 -1466496.24858657);;722;161585
MULTIPOINT(14807817.2026389 -1466487.33690936);;723;161586
MULTIPOINT(14807963.1389225 -1466446.0912406);;724;161592
MULTIPOINT(14808007.0357726 -1466457.73031201);;725;161593
MULTIPOINT(14808122.7251242 -1466411.43820701);;726;161607
MULTIPOINT(14808595.0397363 -1466386.64337716);;727;161618
MULTIPOINT(14808334.8221404 -1466394.34892459);;728;161619
MULTIPOINT(14808798.1843907 -1466366.14834079);;729;161646
MULTIPOINT(14808878.9400492 -1466395.22523517);;730;161648
MULTIPOINT(14808995.0833774 -1466340.79291777);Paterson-Hamburg Tpke at Drace Pl;731;161661
MULTIPOINT(14808960.1497933 -1466268.79436452);Paterson-Hamburg Tpke at Drace Pl;732;161665
MULTIPOINT(14808918.401729 -1466010.59478636);Paterson-Hamburg Tpke at Haycock Ave;733;161669
MULTIPOINT(14808898.4553127 -1465827.06501992);Paterson-Hamburg Tpke at Morris Ave;734;161682
MULTIPOINT(14808848.8431122 -1465664.60682236);;735;161683
MULTIPOINT(14808865.8778432 -1465473.14167364);;736;161687
MULTIPOINT(14808133.5939638 -1464625.06670736);;737;161726
MULTIPOINT(14807845.1968783 -1464501.20305022);;738;161728
MULTIPOINT(14808275.7432171 -1464684.73713548);;739;161730
MULTIPOINT(14808583.1911983 -1464877.45008592);;740;161733
MULTIPOINT(14810177.8114564 -1469231.78956864);;741;161753
MULTIPOINT(14810795.8251547 -1469359.936849);;742;161763
MULTIPOINT(14810225.542413 -1468506.92451243);;743;161777
MULTIPOINT(14810162.8277449 -1468430.57413244);;744;161778
MULTIPOINT(14810047.267681 -1468258.25908339);;745;161782
MULTIPOINT(14809978.8476002 -1468196.59333495);;746;161785
MULTIPOINT(14809929.4240307 -1468105.4492319);;747;161787
MULTIPOINT(14809888.9312967 -1467984.7180966);;748;161790
MULTIPOINT(14809772.5808758 -1467783.86841854);;749;161791
MULTIPOINT(14809704.4663546 -1467632.15172629);Paterson-Hamburg Tpke at Matthews Ave;750;161794
MULTIPOINT(14809663.2074379 -1467373.03193232);;751;161795
MULTIPOINT(14809203.7313615 -1465421.48926668);;752;161812
MULTIPOINT(14809374.3723213 -1465390.3076095);;753;161813
MULTIPOINT(14809522.685458 -1465394.58316298);;754;161815
MULTIPOINT(14808947.330508 -1465043.91617632);;755;161818
MULTIPOINT(14809151.1060865 -1465055.66618333);Wanaque Ave at Lenox Ave;756;161820
MULTIPOINT(14809950.6337227 -1465244.2978402);Ringwood Ave at Albert Street;757;161835
MULTIPOINT(14809799.5166521 -1465212.09376632);;758;161839
MULTIPOINT(14809782.5988073 -1465166.64753007);;759;161840
MULTIPOINT(14809641.515582 -1464974.15344551);Wanaque Ave at Cannonball Rd;760;161848
MULTIPOINT(14809654.7156467 -1464959.99334247);;761;161849
MULTIPOINT(14810303.477405 -1465175.41404583);;762;161852
MULTIPOINT(14787969.7829633 -1459058.63502551);;763;162649
MULTIPOINT(14788680.0823712 -1459226.57318169);;764;162656
MULTIPOINT(14788307.4255888 -1459039.47358218);;765;162659
MULTIPOINT(14788046.675971 -1458969.55271898);;766;162660
MULTIPOINT(14788232.5885077 -1458957.91850911);;767;162662
MULTIPOINT(14788440.3307654 -1459120.05173915);;768;162663
MULTIPOINT(14788439.9872266 -1459082.58487469);;769;162664
MULTIPOINT(14788414.8298765 -1458864.86568755);;770;162665
MULTIPOINT(14789647.9772754 -1460308.79701666);;771;162714
MULTIPOINT(14788964.5876069 -1459779.35195938);;772;162718
MULTIPOINT(14789028.705464 -1459751.1974923);;773;162719
MULTIPOINT(14789087.9494876 -1459516.4918574);;774;162721
MULTIPOINT(14789470.9090613 -1459722.88745561);;775;162726
MULTIPOINT(14789182.9372253 -1459548.46375585);;776;162727
MULTIPOINT(14789802.8009568 -1460238.36386108);;777;162728
MULTIPOINT(14789678.3521055 -1459887.65677555);;778;162733
MULTIPOINT(14789725.8331751 -1459885.73614532);;779;162734
MULTIPOINT(14789794.4361583 -1460022.54141502);;780;162735
MULTIPOINT(14789714.4995175 -1459579.81289392);;781;162740
MULTIPOINT(14789804.6376029 -1459544.1395428);;782;162743
MULTIPOINT(14789968.6748351 -1459343.32776737);;783;162750
MULTIPOINT(14788813.4220713 -1459346.89365276);;784;162754
MULTIPOINT(14788982.7531361 -1459412.26119691);;785;162755
MULTIPOINT(14789469.8938703 -1453377.13136017);;786;162984
MULTIPOINT(14789489.6763189 -1453388.32171463);;787;162986
MULTIPOINT(14788892.689766 -1452858.39972123);;788;162987
MULTIPOINT(14789012.067929 -1452680.81107205);;789;162994
MULTIPOINT(14780169.6263959 -1453188.03945802);Meadowlands Parkway at Cove Court (NB);790;163011
MULTIPOINT(14779528.1887777 -1452930.02249092);Enterprise Avenue at Emerson Lane;791;163019
MULTIPOINT(14779782.7186601 -1451900.15758215);Paterson Plank Road at Town Hall/Roosevelt;792;163042
MULTIPOINT(14778112.649263 -1449225.32249038);Bergenline Avenue Station - JFK Boulevard at 48th Street;793;163226
MULTIPOINT(14778129.6420693 -1449240.33719303);Bergenline Avenue Station - JFK Boulevard at 48th Street;794;163227
MULTIPOINT(14777811.1267882 -1447855.19601779);;795;163255
MULTIPOINT(14777809.6225885 -1447759.7009817);;796;163262
MULTIPOINT(14786127.1721464 -1446564.47596557);Teaneck Road at Mount Vernon Street;797;163614
MULTIPOINT(14786160.1844191 -1446568.62456478);Teaneck Road at Mount Vernon Street;798;163616
MULTIPOINT(14785648.4676885 -1446128.00081134);Overpeck Corporate Center - AGFA Building;799;163622
MULTIPOINT(14797889.1601468 -1452528.81256881);;800;164357
MULTIPOINT(14797641.5900383 -1452525.57017666);;801;164364
MULTIPOINT(14797720.7979824 -1452504.39314644);;802;164365
MULTIPOINT(14788291.0484811 -1445951.92513678);Degraw Avenue at Beech Street;803;164615
MULTIPOINT(14788443.05008 -1446083.04796462);Degraw Avenue at Queen Anne Road;804;164619
MULTIPOINT(14788059.8389518 -1445471.30156559);Teaneck Road at Fenimore Road;805;164628
MULTIPOINT(14787662.9907241 -1444779.93842323);NJT 167, 182;806;164633
MULTIPOINT(14787704.3700359 -1444812.64383385);NJT 167, 182;807;164634
MULTIPOINT(14787999.8259591 -1444908.32308993);Glenpointe - Frank W. Burr Boulevard at Townhouses;808;164637
MULTIPOINT(14788006.6828316 -1444840.6043523);Glenpointe - Frank W. Burr Boulevard at Townhouses;809;164638
MULTIPOINT(14788179.8234704 -1445385.26309844);Teaneck Road at Puffin Way;810;164641
MULTIPOINT(14789566.362586 -1445274.38555917);Queen Anne Road at Cedar Lane;811;164654
MULTIPOINT(14789552.9159975 -1445253.58155309);Queen Anne Road at Cedar Lane;812;164670
MULTIPOINT(14789975.8083398 -1444467.20358939);;813;164746
MULTIPOINT(14794730.1295028 -1449722.82856721);Garden State Plaza;814;164816
MULTIPOINT(14793941.3681145 -1448354.72897025);;815;164893
MULTIPOINT(14798024.6026658 -1448126.22130182);;816;165023
MULTIPOINT(14777983.2197519 -1447381.52661711);;817;165185
MULTIPOINT(14778011.6613146 -1447367.48446443);;818;165187
MULTIPOINT(14777416.4921622 -1445665.63517078);79th St / Riverside Drive;819;165260
MULTIPOINT(14777433.0172169 -1445648.93698259);79th St / Riverside Drive;820;165261
MULTIPOINT(14777117.8062777 -1445563.14003799);Broadway / 77th St;821;165333
MULTIPOINT(14777234.2138232 -1445514.25387981);Broadway / 79th St;822;165391
MULTIPOINT(14777260.514542 -1445506.93813201);79th St / Broadway;823;165394
MULTIPOINT(14777015.8028261 -1445449.79561089);Amsterdam Ave / 77th Street;824;165411
MULTIPOINT(14777123.6718205 -1445335.71099519);79th Street / Amsterdam Ave;825;165450
MULTIPOINT(14777147.6642504 -1445323.24244229);Amsterdam Ave / 79th Street;826;165465
MULTIPOINT(14777277.1403524 -1445491.56012093);79th St / Broadway;827;165504
MULTIPOINT(14777260.8433309 -1445436.62162377);Broadway / 79th St;828;165511
MULTIPOINT(14777231.8613699 -1445221.87022343);81st St / Amsterdam Ave;829;165593
MULTIPOINT(14777421.1021606 -1445328.0391616);Broadway / 82nd St;830;165625
MULTIPOINT(14777656.6605352 -1445078.62971065);Broadway / 86th St;831;165998
MULTIPOINT(14777440.7709899 -1445255.44609818);Broadway / 82nd St;832;165640
MULTIPOINT(14777773.0267611 -1444950.74212281);;833;166125
MULTIPOINT(14777013.0842536 -1445083.37056316);Columbus Ave / 80th St;834;165707
MULTIPOINT(14777024.189667 -1445024.12235803);81st Street / Columbus Ave;835;165712
MULTIPOINT(14776829.7285159 -1444862.31433258);Central Park West / 81st St;836;165742
MULTIPOINT(14776857.0743413 -1444853.9423545);81st St / Central Park West;837;165745
MULTIPOINT(14776871.3570583 -1444838.76661459);81st St / Central Park West;838;165748
MULTIPOINT(14776863.7439067 -1444794.6497785);Central Park West / 81st St;839;165754
MULTIPOINT(14777220.155017 -1444880.53776682);Columbus Ave / 84th St;840;165825
MULTIPOINT(14777335.5957089 -1444764.79086796);Columbus Ave / 86th St;841;165862
MULTIPOINT(14777363.9100995 -1444752.08018475);86th St / Columbus Ave;842;165868
MULTIPOINT(14777350.8557362 -1444704.25837202);86th St / Columbus Ave;843;165883
MULTIPOINT(14777534.7759271 -1445213.23778736);Broadway & 84 Street;844;165922
MULTIPOINT(14777556.221625 -1445137.04688191);Broadway / 84th St;845;165948
MULTIPOINT(14777682.901248 -1445076.40900999);86th St / Broadway;846;166002
MULTIPOINT(14777695.9371018 -1445057.56336305);86th St / Broadway;847;166009
MULTIPOINT(14777568.1936633 -1444960.20125852);86th St / Amsterdam Ave;848;166090
MULTIPOINT(14777546.755501 -1444905.8485696);86th St / Amsterdam Ave;849;166103
MULTIPOINT(14777678.2733663 -1444997.25265178);Broadway / 86th St;850;166110
MULTIPOINT(14777890.5486291 -1444834.77342692);Broadway / West 90th Street;851;166276
MULTIPOINT(14778010.154469 -1444717.40520136);Broadway / 92nd St;852;166330
MULTIPOINT(14777145.1451878 -1444550.49132479);Central Park West / 86th St;853;166461
MULTIPOINT(14777165.6531833 -1444549.82477139);86th St / Central Park West;854;166465
MULTIPOINT(14777191.1502369 -1444543.83506391);86th St / Central Park West;855;166473
MULTIPOINT(14777168.6336033 -1444496.14988785);Central Park West / 86th St;856;166482
MULTIPOINT(14777271.3752774 -1444429.72059888);Central Park West / 88th St;857;166493
MULTIPOINT(14776844.9098315 -1444176.57216112);86th St / Transverse Road;858;166502
MULTIPOINT(14776521.2962171 -1443861.33283304);86th St / 5th Ave;859;166508
MULTIPOINT(14777391.9712612 -1444309.72506277);Central Park West / 90th St;860;166558
MULTIPOINT(14777535.7790274 -1444168.96056337);Central Park West / 92nd St;861;166579
MULTIPOINT(14778126.6468808 -1444604.33923915);Broadway / 94th St;862;166804
MULTIPOINT(14777632.8065161 -1444073.3700396);Central Park West / 94th St;863;166661
MULTIPOINT(14777816.0162677 -1443892.3188509);Central Park West / 97th St;864;166704
MULTIPOINT(14778318.164313 -1444416.61085083);Broadway / 97th St;865;166987
MULTIPOINT(14778007.9615349 -1444106.65718101);Columbus Ave / 97th St;866;167165
MULTIPOINT(14778492.6767443 -1444242.71920388);Broadway / 100th St;867;167231
MULTIPOINT(14777983.0937657 -1443730.6519133);Central Park West / 100th St;868;167309
MULTIPOINT(14778570.9283705 -1444116.11153264);Broadway / 101st St;869;167444
MULTIPOINT(14778614.8366422 -1444123.69533338);Broadway / 102nd St;870;167452
MULTIPOINT(14778739.7295027 -1444012.10036946);Broadway / 104th St;871;167519
MULTIPOINT(14778895.5652838 -1443931.45739835);Broadway / 106th St;872;167662
MULTIPOINT(14778918.9876822 -1443886.3812686);W106 & Broadway;873;167674
MULTIPOINT(14778937.9227828 -1443878.86296745);Broadway / 104th St;874;167677
MULTIPOINT(14779099.9044102 -1443797.42590709);Broadway / 108th St;875;167719
MULTIPOINT(14778733.1645688 -1443727.35697079);;876;167765
MULTIPOINT(14778538.6845245 -1443529.2955908);;877;167786
MULTIPOINT(14778974.1478998 -1443492.54393965);;878;167900
MULTIPOINT(14778766.1425964 -1443290.43255305);;879;167946
MULTIPOINT(14778790.5074542 -1443336.65544519);;880;167947
MULTIPOINT(14778842.2236537 -1443327.38105066);;881;167953
MULTIPOINT(14780556.5021254 -1446523.91577497);Nungessers - Bergenline Avenue at JFK Boulevard;882;167963
MULTIPOINT(14779195.9339179 -1443753.84227561);Broadway / Cathedral Parkway;883;168038
MULTIPOINT(14779159.8068494 -1443680.58710214);;884;168050
MULTIPOINT(14779324.5222104 -1443627.3038953);Broadway / 112th St;885;168101
MULTIPOINT(14779443.020604 -1443511.22387114);Broadway / 114th St;886;168220
MULTIPOINT(14779559.810034 -1443396.63703808);Broadway / 116th St;887;168247
MULTIPOINT(14779972.8652756 -1443278.55766211);M5 Riverside Dr/w 120 St;888;168364
MULTIPOINT(14780077.0675767 -1443127.03317966);M5 Riverside Dr/w 122 St;889;168366
MULTIPOINT(14779904.4031662 -1443011.53386657);M5 Broadway 122 St.;890;168380
MULTIPOINT(14779951.198394 -1442962.38338738);;891;168386
MULTIPOINT(14777182.3048357 -1443205.55626596);;892;168968
MULTIPOINT(14777307.6132546 -1442878.39331606);M2 parada;893;169099
MULTIPOINT(14777401.7490024 -1442780.2215859);;894;169150
MULTIPOINT(14778676.3160719 -1443017.48036228);;895;169790
MULTIPOINT(14778587.3990011 -1442292.14061873);;896;170015
MULTIPOINT(14776390.6051175 -1441016.47710122);Main Rdy / Opp Clarke Thomas Bdg;897;170617
MULTIPOINT(14776392.0998319 -1440998.90216547);Main Rdy / Clarke Thomas Bdg;898;170618
MULTIPOINT(14776582.9877861 -1440794.14799085);Main Rdy / Manh Psyc Ctr;899;170684
MULTIPOINT(14776595.9290054 -1440763.29467246);Main Rdy / Opp Manh Psyc Ctr;900;170685
MULTIPOINT(14776885.5340851 -1440401.71795587);Main Rdy / Opp Icahn Stadium;901;170952
MULTIPOINT(14776923.3797784 -1440378.4954955);Main Rdy / Icahn Stadium;902;170954
MULTIPOINT(14777188.3564357 -1440007.1452585);Main Rdy / After Exit Ramp;903;170973
MULTIPOINT(14779576.1513371 -1442971.13351116);West 120 st/Amsterdam Avenue SB;904;171371
MULTIPOINT(14779624.003454 -1442890.35789198);West 120 St/Amsterdam Avenue NB;905;171385
MULTIPOINT(14780761.2105728 -1442171.0402147);M5 Broadway/w 135 St;906;172574
MULTIPOINT(14780132.0794126 -1441586.00920559);Fred Douglass Bl & West 135 Street;907;172897
MULTIPOINT(14784828.7369409 -1442249.86541815);;908;175229
MULTIPOINT(14784935.0291862 -1442262.63235104);;909;175230
MULTIPOINT(14780621.4916998 -1441432.49050454);Bus M3;910;173235
MULTIPOINT(14784870.6629639 -1442316.33937299);;911;175226
MULTIPOINT(14782065.4056548 -1440933.29309224);Broadway & 157th St;912;175932
MULTIPOINT(14782053.5431462 -1440909.8295211);Broadway & 157th St;913;175956
MULTIPOINT(14784302.4460625 -1439173.23751736);;914;179406
MULTIPOINT(14784359.6821074 -1439152.45653312);;915;179613
MULTIPOINT(14784805.9202543 -1438825.40775837);;916;180077
MULTIPOINT(14784943.2277789 -1438777.50601238);;917;180085
MULTIPOINT(14785212.252864 -1438785.51348497);;918;180170
MULTIPOINT(14785128.3064498 -1438553.47080323);;919;180219
MULTIPOINT(14775398.1659443 -1437234.88965815);Rikers Island;920;181213
MULTIPOINT(14778645.9161649 -1433679.34647469);BX36;921;184929
MULTIPOINT(14778047.934164 -1433176.38482601);BX22;922;184993
MULTIPOINT(14778112.2857191 -1433142.947893);BX22;923;184996
MULTIPOINT(14779828.851618 -1433011.56918287);BX22;924;192343
MULTIPOINT(14778985.3706745 -1433085.38753946);BX22 BX5;925;193204
MULTIPOINT(14789206.5953192 -1435236.04997842);;926;199748
MULTIPOINT(14789444.0925486 -1443799.21034375);;927;196678
MULTIPOINT(14790757.6030745 -1443540.74650694);Teaneck Road at State Street;928;196716
MULTIPOINT(14790887.1544683 -1443540.56574771);State Street at Teaneck Road;929;196717
MULTIPOINT(14790899.1404143 -1443442.29305255);Teaneck Road at State Street;930;196720
MULTIPOINT(14791994.5364981 -1443024.45265362);Teaneck Armory - Teaneck Road at Liberty Place;931;196727
MULTIPOINT(14791984.646849 -1443009.53354002);Teaneck Armory - Teaneck Road at Liberty Place;932;196729
MULTIPOINT(14790393.95413 -1440936.21639476);;933;196761
MULTIPOINT(14790365.3261657 -1440693.10499817);;934;196768
MULTIPOINT(14785362.3364806 -1437392.68021298);;935;196810
MULTIPOINT(14793762.9037012 -1442366.0507144);Washington Avenue at Main Street;936;196932
MULTIPOINT(14793774.1740646 -1442340.43983875);Washington Avenue at Main Street;937;196933
MULTIPOINT(14794944.0732635 -1441855.46607278);Washington Avenue at Quackenbush Avenue;938;196987
MULTIPOINT(14795052.9988593 -1441816.57826841);Washington Avenue at Madison Avenue;939;196989
MULTIPOINT(14796428.0443052 -1440571.03221561);Washington Avenue at Massachusetts Avenue;940;197006
MULTIPOINT(14796487.0313943 -1440578.66451191);Massachusetts Avenue at Washington Avenue;941;197008
MULTIPOINT(14785348.8043512 -1437366.25581052);;942;197135
MULTIPOINT(14787093.4409432 -1436580.57485736);Henry Hudson Pky E & W 235 St;943;197817
MULTIPOINT(14787186.5142383 -1436551.54893611);Henry Hudson Pky W & W 235 St;944;197821
MULTIPOINT(14784972.9483014 -1434858.68731339);Bx1, Bx2 LTD Riverdale 231 St via Concourse;945;198509
MULTIPOINT(14785515.6822895 -1435290.15530488);;946;198595
MULTIPOINT(14787011.688583 -1430553.12483587);Nereid Ave & Edison Ave;947;203525
MULTIPOINT(14787028.2164463 -1430536.78943994);;948;203527
MULTIPOINT(14787337.4265179 -1430513.7401559);;949;203600
MULTIPOINT(14787544.2080851 -1430693.98830382);;950;203755
MULTIPOINT(14792393.975157 -1429879.32053332);;951;204263
MULTIPOINT(14802352.3756863 -1451170.0732891);;952;204510
MULTIPOINT(14799654.2884637 -1439058.98475303);Harrington Park;953;205621
MULTIPOINT(14799913.8935562 -1432925.7595213);;954;206112
MULTIPOINT(14773895.4689363 -1431669.82292581);QM2;955;206951
MULTIPOINT(14780423.4385073 -1429889.25708834);;956;209794
MULTIPOINT(14780428.3468773 -1429875.14551391);;957;209795
MULTIPOINT(14789467.9466925 -1420889.42600695);;958;211569
MULTIPOINT(14798683.9110486 -1423711.89535644);Bus Stop for Beeline 20, 21, BmX 4C;959;213606
MULTIPOINT(14795138.9314605 -1417004.03571266);;960;214113
MULTIPOINT(14793711.4463967 -1416222.72108133);;961;214143
MULTIPOINT(14794707.5086299 -1416677.08917186);;962;214148
MULTIPOINT(14794649.8005828 -1416639.26423443);;963;214149
MULTIPOINT(14794184.6736863 -1416294.1803793);;964;214158
MULTIPOINT(14794287.1764231 -1416322.9814976);;965;214159
MULTIPOINT(14796327.5529576 -1417423.27595411);;966;214278
MULTIPOINT(14795859.8601947 -1417343.58817548);;967;214280
MULTIPOINT(14795715.1063157 -1414455.46734248);;968;214351
MULTIPOINT(14796205.2571243 -1414713.16040433);;969;214352
MULTIPOINT(14795907.6777133 -1414566.33085744);;970;214353
MULTIPOINT(14796685.4479825 -1415591.15369554);;971;214360
MULTIPOINT(14796784.0362017 -1415525.22701893);;972;214365
MULTIPOINT(14796794.5932044 -1415448.79120799);;973;214368
MULTIPOINT(14797113.0582626 -1415078.33275331);;974;214383
MULTIPOINT(14797686.2983551 -1415201.04075265);;975;214385
MULTIPOINT(14796366.955384 -1414970.41669455);;976;214391
MULTIPOINT(14796452.8173869 -1414910.60513852);;977;214392
MULTIPOINT(14796960.3067377 -1415106.83429669);;978;214400
MULTIPOINT(14796991.6776102 -1415077.89608333);;979;214401
MULTIPOINT(14797696.7593897 -1415174.11020124);;980;214448
MULTIPOINT(14798001.4993909 -1415210.97702165);;981;214449
MULTIPOINT(14797994.3118979 -1415194.50312992);;982;214451
MULTIPOINT(14799306.2571037 -1415079.5145847);;983;214471
MULTIPOINT(14799201.2760854 -1414112.48291358);;984;214494
MULTIPOINT(14795716.218538 -1414296.04213264);;985;214511
MULTIPOINT(14795600.753015 -1413924.0379795);;986;214528
MULTIPOINT(14797145.6979819 -1402417.59982384);;987;215780
MULTIPOINT(14797134.6338682 -1402395.35154216);;988;215781
MULTIPOINT(14796961.6331311 -1400137.97964521);;989;215870
MULTIPOINT(14796896.3475278 -1400033.24465581);;990;216037
MULTIPOINT(14796828.0494884 -1399879.05076847);;991;216054
MULTIPOINT(14767589.6403469 -1395883.37433682);S Huntington @ Walt Whitman M;992;216628
MULTIPOINT(14769405.8385448 -1397358.63918174);Jericho Tpke / Paumonk Drive;993;216769
MULTIPOINT(14769397.0528552 -1397081.82851868);Jericho Tpke / Oakwood Road;994;216771
MULTIPOINT(14769376.3262989 -1397070.45373009);Jericho Tpke Opp Oakwood Road;995;216774
MULTIPOINT(14769265.6235744 -1396608.22200288);Jericho Tpke Opp Jones La;996;216779
MULTIPOINT(14769213.5161032 -1396439.55778429);Jericho Tpke / West Hills Road;997;216784
MULTIPOINT(14769085.9581379 -1396070.09601499);Jericho Tpke / Pinetree Road;998;216786
MULTIPOINT(14769106.2048293 -1396061.89710825);Jericho Tpke Opp Pinetree Road;999;216787
MULTIPOINT(14771517.3375753 -1395066.48505398);;1000;216873
